{
    "C_init": 0.20574213150339046,
    "P_init": 0.0,
    "a": 0.7089132490739048,
    "b1": 0.8089442649529288,
    "b2": 0.3022838926644424,
    "c1": 1.0,
    "c2": 0.5327484776933804,
    "nu1": 0.7507261312008665,
    "nu2": 0.37795443323983746,
    "score": 1.2079100157218352
}