{
    "C_init": 0.458253357634689,
    "P_init": 0.7586250718672479,
    "a": 0.7876813878598943,
    "b1": 0.8988269610588098,
    "b2": 0.27480353878585667,
    "c1": 1.0,
    "c2": 0.5919427529926449,
    "nu1": 0.8341401457787405,
    "nu2": 0.34359493930894314,
    "score": 1.3818468910263402
}