{
    "C_init": 1.2172869013345373,
    "P_init": 1.2618427933818108,
    "a": 0.8423306118965894,
    "b1": 0.9345882929885134,
    "b2": 0.28086225857133695,
    "c1": 1.0,
    "c2": 0.7359145269858351,
    "nu1": 3.1925789317703037,
    "nu2": 2.398637641696422,
    "score": 0.5427087358190115
}