{
    "C_init": 0.43115781787492163,
    "P_init": 0.5392620961076242,
    "a": 0.7475138279940384,
    "b1": 0.8138299766792869,
    "b2": 0.2608184295270432,
    "c1": 1.0,
    "c2": 0.583368688791581,
    "nu1": 0.9539921836140544,
    "nu2": 0.38930742963213805,
    "score": 1.3873458807515555
}