{
    "C_init": 0.534304344136291,
    "P_init": 0.8220500168400365,
    "a": 0.830570919993376,
    "b1": 0.9042555296436521,
    "b2": 0.2371076632064029,
    "c1": 1.0,
    "c2": 0.6481874319906455,
    "nu1": 1.059991315126727,
    "nu2": 0.35391584512012547,
    "score": 1.2443210097251727
}