{
    "C_init": 0.7429127920145745,
    "P_init": 0.0,
    "a": 0.9401206934421714,
    "b1": 0.7713407996001298,
    "b2": 0.29395463587204673,
    "c1": 1.0,
    "c2": 0.6568192195283716,
    "nu1": 1.2890334390306388,
    "nu2": 0.5858794745796362,
    "score": 0.9778277336093594
}