{
    "C_init": 0.8276744150544865,
    "P_init": 1.0846951099892987,
    "a": 0.8546551758565194,
    "b1": 0.8570453328890331,
    "b2": 0.2672314871564061,
    "c1": 1.0,
    "c2": 0.7297991328093018,
    "nu1": 1.4075201396754422,
    "nu2": 0.5326177041633056,
    "score": 1.581996616899226
}