{
    "C_init": 0.48087550578022203,
    "P_init": 0.6030292586980028,
    "a": 0.9136280119927075,
    "b1": 0.822148027068428,
    "b2": 0.2133968968857626,
    "c1": 1.0,
    "c2": 0.5882175337684122,
    "nu1": 0.84537245437274,
    "nu2": 0.5368351798672157,
    "score": 1.2383682487807535
}