{
    "C_init": 0.23157484911569745,
    "P_init": 0.3897640537631373,
    "a": 0.8222652107934367,
    "b1": 0.7535686560793894,
    "b2": 0.19205720719718636,
    "c1": 1.0,
    "c2": 0.533066753999577,
    "nu1": 0.7608916991822302,
    "nu2": 0.5904385087384827,
    "score": 0.7799194783470567
}