{
    "C_init": 1.8810843112293967,
    "a": 0.37921630767517645,
    "b1": 0.18932992536236498,
    "b2": 0.11142189061891981,
    "c1": 0.39272846923582205,
    "c2": 0.8653120625992359,
    "nu1": 2.7284115823039694,
    "nu2": 1.562232924447283,
    "score": 1.3780135935857545
}