{
    "C_init": 1.4390262500585815,
    "P_init": 0.9391941935401101,
    "a": 0.7356551996445329,
    "b1": 0.9632981403731736,
    "b2": 0.06360897269556541,
    "c1": 1.0,
    "c2": 0.6407148446689318,
    "nu1": 2.7807201078705828,
    "nu2": 2.639969025225844,
    "score": 1.2597401313049141
}