{
    "C_init": 1.2172869013345373,
    "P_init": 0.40818503959839625,
    "a": 0.68949420305589,
    "b1": 1.1300350038516078,
    "b2": 0.2328605541044734,
    "c1": 1.0,
    "c2": 0.7335580228025065,
    "nu1": 1.5697823649819156,
    "nu2": 1.0227967387587287,
    "score": 1.2331056691595355
}