{
    "C_init": 0.915963909137974,
    "P_init": 1.246249786262046,
    "a": 1.2110389044249197,
    "b1": 0.9596675183429132,
    "b2": 0.26751629043517827,
    "c1": 1.0,
    "c2": 0.7058340886775682,
    "nu1": 3.1421989699311537,
    "nu2": 2.3346309038917825,
    "score": 0.007956877223005861
}