{
    "C_init": 1.3525410014828192,
    "P_init": 1.054687221608029,
    "a": 0.7657551017241722,
    "b1": 1.0274809420936586,
    "b2": 0.25873394900497043,
    "c1": 1.0,
    "c2": 0.7115975480614125,
    "nu1": 2.955074226045008,
    "nu2": 2.4489328523116716,
    "score": 0.8301302068321093
}