{
    "C_init": 0.5231740439346433,
    "P_init": 0.8158660572230331,
    "a": 0.8277598006303565,
    "b1": 0.9039004506362581,
    "b2": 0.23295627993106185,
    "c1": 1.0,
    "c2": 0.6344489088008336,
    "nu1": 1.0397206398823091,
    "nu2": 0.35282038842253777,
    "score": 1.4595132096143073
}