{
    "C_init": 0.4408358918772789,
    "P_init": 0.7008406336388955,
    "a": 0.7449838205673208,
    "b1": 0.840572634877355,
    "b2": 0.2562519079241681,
    "c1": 1.0,
    "c2": 0.5710040179207503,
    "nu1": 0.9357485758940782,
    "nu2": 0.317538349580284,
    "score": 1.014244883263481
}